<?xml version='1.0' encoding='UTF-8' ?>
<!-- was: <?xml version="1.0" encoding="UTF-8"?> -->
<beans xmlns="http://www.springframework.org/schema/beans"
       xmlns:xsi="http://www.w3.org/2001/XMLSchema-instance"
       xmlns:p="http://www.springframework.org/schema/p"
       xmlns:aop="http://www.springframework.org/schema/aop"
       xmlns:tx="http://www.springframework.org/schema/tx"
       xsi:schemaLocation="http://www.springframework.org/schema/beans http://www.springframework.org/schema/beans/spring-beans-4.0.xsd
       http://www.springframework.org/schema/aop http://www.springframework.org/schema/aop/spring-aop-4.0.xsd
       http://www.springframework.org/schema/tx http://www.springframework.org/schema/tx/spring-tx-4.0.xsd">

    <!--bean id="propertyConfigurer"
          class="org.springframework.beans.factory.config.PropertyPlaceholderConfigurer"
          p:location="/WEB-INF/jdbc.properties" />
          

--><bean id="dataSource" class="org.apache.commons.dbcp.BasicDataSource">
    <property name="driverClassName">
      <value>com.mysql.jdbc.Driver</value>
    </property>
    <property name="url">
          <value>jdbc:mysql://localhost:3306/mysql?useUnicode=true&amp;characterEncoding=UTF-8</value>
    </property>
    <property name="username">
        <value>root</value>
    </property>
    <property name="password">
        <value>ak47b51</value>
    </property>
    <property name="maxActive">
        <value>255</value>
    </property>
    <property name="maxIdle">
        <value>2</value>
    </property>
    <property name="maxWait">
        <value>120000</value>
    </property>
</bean>

        <bean id="transactionManager"
		class="org.springframework.jdbc.datasource.DataSourceTransactionManager">
                 <property name="dataSource" ref="dataSource" />
	</bean>
	
	<!-- 生成默认事务定义对象 -->
	<bean id="def" class="org.springframework.transaction.support.DefaultTransactionDefinition"></bean>
 
</beans>

