<?xml version='1.0' encoding='UTF-8' ?>
<!-- was: <?xml version="1.0" encoding="UTF-8"?> -->
<beans xmlns="http://www.springframework.org/schema/beans"
       xmlns:xsi="http://www.w3.org/2001/XMLSchema-instance"
       xmlns:p="http://www.springframework.org/schema/p"
       xmlns:aop="http://www.springframework.org/schema/aop"
       xmlns:tx="http://www.springframework.org/schema/tx"
       xmlns:mvc="http://www.springframework.org/schema/mvc" 
       xmlns:context="http://www.springframework.org/schema/context"

       xsi:schemaLocation="http://www.springframework.org/schema/beans http://www.springframework.org/schema/beans/spring-beans-4.0.xsd
       http://www.springframework.org/schema/aop http://www.springframework.org/schema/aop/spring-aop-4.0.xsd http://www.springframework.org/schema/context http://www.springframework.org/schema/context/spring-context.xsd
       http://www.springframework.org/schema/tx http://www.springframework.org/schema/tx/spring-tx-4.0.xsd http://www.springframework.org/schema/mvc http://www.springframework.org/schema/mvc/spring-mvc-3.0.xsd">
   
    <bean id="multipartResolver" class="org.springframework.web.multipart.commons.CommonsMultipartResolver">
            <property name="maxUploadSize" value="104857600" />
            <property name="defaultEncoding" value="utf8" />
    </bean>
    <!--<context:annotation-config />-->  

    <mvc:annotation-driven />  
    <context:component-scan base-package="com.tongji.collaborationteam" />  

    
    <mvc:default-servlet-handler />
    


    <bean id="viewResolver"
          class="org.springframework.web.servlet.view.InternalResourceViewResolver"
          p:prefix="/WEB-INF/jsp/"
          p:suffix=".jsp" />

        <bean id="transactionManager"
		class="org.springframework.jdbc.datasource.DataSourceTransactionManager">
                 <property name="dataSource" ref="dataSource" />
	</bean>
	
	<!-- 生成默认事务定义对象 -->
	<bean id="def" class="org.springframework.transaction.support.DefaultTransactionDefinition"></bean>
 

</beans>
